DFHG Author,LOFTS urn
HECATAEUS,urn:lofts:fhg.1.hecataeus
CHARON,urn:lofts:fhg.1.charon
XANTHUS,urn:lofts:fhg.1.xanthus
HELLANICUS,urn:lofts:fhg.1.hellanicus
PHERECYDES,urn:lofts:fhg.1.pherecydes
ACUSILAUS,urn:lofts:fhg.1.acusilaus
APOLLODORUS ATHENIENSIS,urn:lofts:fhg.1.apollodorus_atheniensis
ANTIOCHUS,urn:lofts:fhg.1.antiochus
PHILISTUS,urn:lofts:fhg.1.philistus
TIMAEUS,urn:lofts:fhg.1.timaeus
EPHORUS,urn:lofts:fhg.1.ephorus
THEOPOMPUS,urn:lofts:fhg.1.theopompus
PHYLARCHUS,urn:lofts:fhg.1.phylarchus
CLIDEMUS,urn:lofts:fhg.1.clidemus
PHANODEMUS,urn:lofts:fhg.1.phanodemus
ANDROTIO,urn:lofts:fhg.1.androtio
DEMO,urn:lofts:fhg.1.demo
PHILOCHORUS,urn:lofts:fhg.1.philochorus
ISTER,urn:lofts:fhg.1.ister
APOLLODORUS,urn:lofts:fhg.1.apollodorus
MARMOR PARIUM,urn:lofts:fhg.1.marmor_parium
MARMOR ROSETTANUM,urn:lofts:fhg.1.marmor_rosettanum
DIODORUS SICULUS,urn:lofts:fhg.2.diodorus_siculus
POLYBIUS MEGALOPOLITANUS,urn:lofts:fhg.2.polybius_megalopolitanus
DIONYSIUS HALICARNASSENSIS,urn:lofts:fhg.2.dionysius_halicarnassensis
CADMUS MILESIUS,urn:lofts:fhg.2.cadmus_milesius
DIONYSIUS MILESIUS,urn:lofts:fhg.2.dionysius_milesius
DIONYSIUS MYTILENAEUS,urn:lofts:fhg.2.dionysius_mytilenaeus
DIONYSIUS RHODIUS SIVE SAMIUS,urn:lofts:fhg.2.dionysius_rhodius_sive_samius
HIPPYS RHEGINUS,urn:lofts:fhg.2.hippys_rheginus
EUGEON SAMIUS,urn:lofts:fhg.2.eugeon_samius
DEIOCHUS PROCONNESIUS,urn:lofts:fhg.2.deiochus_proconnesius
BION PROCONNESIUS,urn:lofts:fhg.2.bion_proconnesius
EUDEMUS PARIUS,urn:lofts:fhg.2.eudemus_parius
DEMOCLES PYGELENSIS,urn:lofts:fhg.2.democles_pygelensis
AMELESAGORAS CHALCEDONIUS,urn:lofts:fhg.2.amelesagoras_chalcedonius
GLAUCUS RHEGINUS,urn:lofts:fhg.2.glaucus_rheginus
DEMOCRITUS ABDERITA,urn:lofts:fhg.2.democritus_abderita
HERODORUS HERACLEENSIS,urn:lofts:fhg.2.herodorus_heracleensis
SIMONIDES CEUS,urn:lofts:fhg.2.simonides_ceus
XENOMEDES CHIUS,urn:lofts:fhg.2.xenomedes_chius
ION CHIUS,urn:lofts:fhg.2.ion_chius
STESIMBROTUS THASIUS,urn:lofts:fhg.2.stesimbrotus_thasius
HIPPIAS ELEUS,urn:lofts:fhg.2.hippias_eleus
DAMASTES SIGEENSIS,urn:lofts:fhg.2.damastes_sigeensis
ANAXIMANDER MILESIUS,urn:lofts:fhg.2.anaximander_milesius
CRITIAS ATHENIENSIS,urn:lofts:fhg.2.critias_atheniensis
THEMISTOGENES SYRACUSANUS,urn:lofts:fhg.2.themistogenes_syracusanus
SOPHAENETUS STYMPHALIUS,urn:lofts:fhg.2.sophaenetus_stymphalius
CRATIPPUS,urn:lofts:fhg.2.cratippus
ARISTIPPUS CYRENAEUS,urn:lofts:fhg.2.aristippus_cyrenaeus
DIONYSIUS TYRANNUS,urn:lofts:fhg.2.dionysius_tyrannus
HERMIAS METHYMNAEUS,urn:lofts:fhg.2.hermias_methymnaeus
ATHANAS SYRACUSANUS,urn:lofts:fhg.2.athanas_syracusanus
TIMONIDES LEUCADIUS,urn:lofts:fhg.2.timonides_leucadius
DIONYSODORUS BOEOTUS,urn:lofts:fhg.2.dionysodorus_boeotus
ANAXIS BOEOTUS,urn:lofts:fhg.2.anaxis_boeotus
ZOILUS AMPHIPOLITA,urn:lofts:fhg.2.zoilus_amphipolita
CEPHISODORUS,urn:lofts:fhg.2.cephisodorus
DEMOPHILUS,urn:lofts:fhg.2.demophilus
THEOCRITUS CHIUS,urn:lofts:fhg.2.theocritus_chius
DINO,urn:lofts:fhg.2.dino
HERACLIDES CUMANUS,urn:lofts:fhg.2.heraclides_cumanus
ARISTAGORAS MILESIUS,urn:lofts:fhg.2.aristagoras_milesius
ARISTOTELES,urn:lofts:fhg.2.aristoteles
DIOSCORIDES,urn:lofts:fhg.2.dioscorides
HERACLIDES PONTICUS,urn:lofts:fhg.2.heraclides_ponticus
DICAEARCHUS MESSENIUS,urn:lofts:fhg.2.dicaearchus_messenius
ARISTOXENUS TARENTINUS,urn:lofts:fhg.2.aristoxenus_tarentinus
PHANIAS ERESIUS,urn:lofts:fhg.2.phanias_eresius
CLEARCHUS SOLENSIS,urn:lofts:fhg.2.clearchus_solensis
LEO BYZANTIUS,urn:lofts:fhg.2.leo_byzantius
LEO ALABANDENSIS,urn:lofts:fhg.2.leo_alabandensis
LEO PELLAEUS,urn:lofts:fhg.2.leo_pellaeus
CLYTUS MILESIUS,urn:lofts:fhg.2.clytus_milesius
MAEANDRIUS MILESIUS (LEANDER MILESIUS),urn:lofts:fhg.2.maeandrius_milesius
ANTIPATER MACEDO,urn:lofts:fhg.2.antipater_macedo
PALAEPHATUS ABYDENUS,urn:lofts:fhg.2.palaephatus_abydenus
MENECRATES ELAITA,urn:lofts:fhg.2.menecrates_elaita
MENECRATES XANTHIUS,urn:lofts:fhg.2.menecrates_xanthius
MENECRATES OLYNTHIUS,urn:lofts:fhg.2.menecrates_olynthius
MENECRATES TYRIUS,urn:lofts:fhg.2.menecrates_tyrius
MENECRATES NYSAENSIS,urn:lofts:fhg.2.menecrates_nysaensis
ANDRON EPHESIUS,urn:lofts:fhg.2.andron_ephesius
ANDRON TEJUS,urn:lofts:fhg.2.andron_tejus
ANDRON HALICARNASSENSIS,urn:lofts:fhg.2.andron_halicarnassensis
ANDRON ALEXANDRINUS,urn:lofts:fhg.2.andron_alexandrinus
DIODORUS PERIEGETA,urn:lofts:fhg.2.diodorus_periegeta
DIYLLUS ATHENIENSIS,urn:lofts:fhg.2.diyllus_atheniensis
DEMETRIUS PHALEREUS,urn:lofts:fhg.2.demetrius_phalereus
STRATO LAMPSACENUS,urn:lofts:fhg.2.strato_lampsacenus
THEODECTES PHASELITA,urn:lofts:fhg.2.theodectes_phaselita
LYCUS RHEGINUS,urn:lofts:fhg.2.lycus_rheginus
NYMPHODORUS SYRACUSANUS,urn:lofts:fhg.2.nymphodorus_syracusanus
CALLIAS SYRACUSANUS,urn:lofts:fhg.2.callias_syracusanus
ANTANDER SYRACUSANUS,urn:lofts:fhg.2.antander_syracusanus
HECATAEUS ABDERITA,urn:lofts:fhg.2.hecataeus_abderita
PSEUDO-HECATAEUS,urn:lofts:fhg.2.pseudo_hecataeus
AMOMETUS,urn:lofts:fhg.2.amometus
MEGASTHENES,urn:lofts:fhg.2.megasthenes
DAIMACHUS PLATAEENSIS,urn:lofts:fhg.2.daimachus_plataeensis
PATROCLES,urn:lofts:fhg.2.patrocles
DEMODAMAS MILESIUS,urn:lofts:fhg.2.demodamas_milesius
[DEMODAMAS HALICARNASSENSIS],urn:lofts:fhg.2.demodamas_halicarnassensis
DEMOCHARES LEUCONOENSIS,urn:lofts:fhg.2.demochares_leuconoensis
HIERONYMUS CARDIANUS,urn:lofts:fhg.2.hieronymus_cardianus
PYRRHUS EPIROTA,urn:lofts:fhg.2.pyrrhus_epirota
PROXENUS,urn:lofts:fhg.2.proxenus
CINEAS THESSALUS,urn:lofts:fhg.2.cineas_thessalus
SUIDAS,urn:lofts:fhg.2.suidas
DURIS SAMIUS,urn:lofts:fhg.2.duris_samius
IDOMENEUS LAMPSACENUS,urn:lofts:fhg.2.idomeneus_lampsacenus
DIONYSIUS HERACLEOTA,urn:lofts:fhg.2.dionysius_heracleota
BEROSUS CHALDAEUS,urn:lofts:fhg.2.berosus_chaldaeus
MANETHO SEBENNYTA,urn:lofts:fhg.2.manetho_sebennyta
CRATERUS MACEDO,urn:lofts:fhg.2.craterus_macedo
PERSAEUS CITTIENSIS,urn:lofts:fhg.2.persaeus_cittiensis
DEMETRIUS BYZANTIUS,urn:lofts:fhg.2.demetrius_byzantius
SOSIBIUS LACO,urn:lofts:fhg.2.sosibius_laco
CTESIBIUS,urn:lofts:fhg.2.ctesibius
NEANTHES CYZICENUS. LYSIMACHUS,urn:lofts:fhg.3.neanthes_cyzicenus_lysimachus
NYMPHIS HERACLEOTA,urn:lofts:fhg.3.nymphis_heracleota
PHILINUS AGRIGENTINUS,urn:lofts:fhg.3.philinus_agrigentinus
EUPHANTUS OLYNTHIUS,urn:lofts:fhg.3.euphantus_olynthius
SPHAERUS BOSPORANUS,urn:lofts:fhg.3.sphaerus_bosporanus
ARATUS SICYONIUS,urn:lofts:fhg.3.aratus_sicyonius
DINIAS ARGIVUS,urn:lofts:fhg.3.dinias_argivus
DIONYSIUS ARGIVUS,urn:lofts:fhg.3.dionysius_argivus
PHILOSTEPHANUS CYRENAEUS,urn:lofts:fhg.3.philostephanus_cyrenaeus
HERMIPPUS CALLIMACHIUS,urn:lofts:fhg.3.hermippus_callimachius
CALLIXENUS RHODIUS,urn:lofts:fhg.3.callixenus_rhodius
PTOLEMAEUS MEGALOPOLITANUS,urn:lofts:fhg.3.ptolemaeus_megalopolitanus
HEGESIANAX ALEXANDRINUS E TROADE (CEPHALON GERGITHIUS),urn:lofts:fhg.3.hegesianax_alexandrinus_e_troade
MNESIPTOLEMUS,urn:lofts:fhg.3.mnesiptolemus
EUPHORION CHALCIDENSIS,urn:lofts:fhg.3.euphorion_chalcidensis
DIOCLES PEPARETHIUS,urn:lofts:fhg.3.diocles_peparethius
DIOCLES RHODIUS,urn:lofts:fhg.3.diocles_rhodius
QUINTUS FABIUS PICTOR,urn:lofts:fhg.3.quintus_fabius_pictor
NUMERIUS FABIUS PICTOR,urn:lofts:fhg.3.numerius_fabius_pictor
L. CINCIUS ALIMENTUS,urn:lofts:fhg.3.l_cincius_alimentus
P. CORNELIUS SCIPIO,urn:lofts:fhg.3.p_cornelius_scipio
C. ACILIUS GLABRIO,urn:lofts:fhg.3.c_acilius_glabrio
HANNIBAL CARTHAGINIENSIS,urn:lofts:fhg.3.hannibal_carthaginiensis
SOSILUS LACEDAEMONIUS,urn:lofts:fhg.3.sosilus_lacedaemonius
CHAEREAS,urn:lofts:fhg.3.chaereas
SILENUS CALACTINUS,urn:lofts:fhg.3.silenus_calactinus
XENOPHON,urn:lofts:fhg.3.xenophon
EUMACHUS NEAPOLITANUS,urn:lofts:fhg.3.eumachus_neapolitanus
MENODOTUS PERINTHIUS VEL SAMIUS,urn:lofts:fhg.3.menodotus_perinthius_vel_samius
ALEXANDRIDES DELPHUS,urn:lofts:fhg.3.alexandrides_delphus
POLEMO ILIENSIS,urn:lofts:fhg.3.polemo_iliensis
MNASEAS PATRENSIS,urn:lofts:fhg.3.mnaseas_patrensis
SATYRUS,urn:lofts:fhg.3.satyrus
HERACLIDES LEMBUS,urn:lofts:fhg.3.heraclides_lembus
POSIDONIUS OLBIOPOLITA,urn:lofts:fhg.3.posidonius_olbiopolita
STRATO,urn:lofts:fhg.3.strato
AULUS POSTUMIUS ALBINUS,urn:lofts:fhg.3.aulus_postumius_albinus
ZENO RHODIUS,urn:lofts:fhg.3.zeno_rhodius
ANTISTHENES RHODIUS,urn:lofts:fhg.3.antisthenes_rhodius
SCYLAX CARYANDENSIS,urn:lofts:fhg.3.scylax_caryandensis
PTOLEMAEUS EVERGETES II,urn:lofts:fhg.3.ptolemaeus_evergetes_ii
DIONYSIUS THRAX,urn:lofts:fhg.3.dionysius_thrax
AGATHARCHIDES CNIDIUS,urn:lofts:fhg.3.agatharchides_cnidius
AGATHARCHIDES SAMIUS,urn:lofts:fhg.3.agatharchides_samius
PSAON PLATAEENSIS,urn:lofts:fhg.3.psaon_plataeensis
CNAEUS AUFIDIUS,urn:lofts:fhg.3.cnaeus_aufidius
PUBLIUS RUTILIUS RUFUS,urn:lofts:fhg.3.publius_rutilius_rufus
PROMATHIDAS HERACLEOTA,urn:lofts:fhg.3.promathidas_heracleota
PROMATHION,urn:lofts:fhg.3.promathion
METRODORUS SCEPSIUS,urn:lofts:fhg.3.metrodorus_scepsius
CORNELIUS ALEXANDER POLYHISTOR,urn:lofts:fhg.3.cornelius_alexander_polyhistor
ALEXANDER EPHESIUS,urn:lofts:fhg.3.alexander_ephesius
POSIDONIUS APAMENSIS,urn:lofts:fhg.3.posidonius_apamensis
LUCIUS LUCULLUS,urn:lofts:fhg.3.lucius_lucullus
MARCUS TULLIUS CICERO,urn:lofts:fhg.3.marcus_tullius_cicero
TITUS POMPONIUS ATTICUS,urn:lofts:fhg.3.titus_pomponius_atticus
ASCLEPIADES MYRLEANUS,urn:lofts:fhg.3.asclepiades_myrleanus
ASCLEPIADES TRAGILENSIS,urn:lofts:fhg.3.asclepiades_tragilensis
ASCLEPIADES CYPRIUS,urn:lofts:fhg.3.asclepiades_cyprius
ASCLEPIADES AREI FILIUS,urn:lofts:fhg.3.asclepiades_arei_filius
ASCLEPIADES MENDESIUS,urn:lofts:fhg.3.asclepiades_mendesius
ASCLEPIADES ANAZARBENSIS,urn:lofts:fhg.3.asclepiades_anazarbensis
ARISTODEMUS NYSAENSIS,urn:lofts:fhg.3.aristodemus_nysaensis
ARISTODEMUS ELEUS,urn:lofts:fhg.3.aristodemus_eleus
ARISTODEMUS THEBANUS,urn:lofts:fhg.3.aristodemus_thebanus
ARTAVASDES ARMENIAE REX,urn:lofts:fhg.3.artavasdes_armeniae_rex
THEOPHANES MYTILENAEUS,urn:lofts:fhg.3.theophanes_mytilenaeus
TIMAGENES ALEXANDRINUS,urn:lofts:fhg.3.timagenes_alexandrinus
ARISTO ALEXANDRINUS,urn:lofts:fhg.3.aristo_alexandrinus
SOCRATES RHODIUS,urn:lofts:fhg.3.socrates_rhodius
OLYMPUS,urn:lofts:fhg.3.olympus
EMPYLUS RHODIUS,urn:lofts:fhg.3.empylus_rhodius
CAECILIUS CALACTINUS,urn:lofts:fhg.3.caecilius_calactinus
LYSIMACHUS ALEXANDRINUS,urn:lofts:fhg.3.lysimachus_alexandrinus
NICOLAUS DAMASCENUS,urn:lofts:fhg.3.nicolaus_damascenus
JUBA MAURITANUS,urn:lofts:fhg.3.juba_mauritanus
ATHENODORUS TARSENSIS,urn:lofts:fhg.3.athenodorus_tarsensis
DIONYSIUS PERGAMENUS,urn:lofts:fhg.3.dionysius_pergamenus
DIODORUS SARDIANUS,urn:lofts:fhg.3.diodorus_sardianus
THEODORUS GADARENUS,urn:lofts:fhg.3.theodorus_gadarenus
STRABO AMASENSIS,urn:lofts:fhg.3.strabo_amasensis
CHAEREMON ALEXANDRINUS,urn:lofts:fhg.3.chaeremon_alexandrinus
SELEUCUS ALEXANDRINUS,urn:lofts:fhg.3.seleucus_alexandrinus
THRASYLLUS MENDESIUS,urn:lofts:fhg.3.thrasyllus_mendesius
POTAMO MYTILENAEUS,urn:lofts:fhg.3.potamo_mytilenaeus
APION OASITA,urn:lofts:fhg.3.apion_oasita
THALLUS,urn:lofts:fhg.3.thallus
PAMPHILA EPIDAURIA,urn:lofts:fhg.3.pamphila_epidauria
CLAUDIUS CAESAR,urn:lofts:fhg.3.claudius_caesar
POLYAENUS SARDIANUS,urn:lofts:fhg.3.polyaenus_sardianus
JUSTUS TIBERIENSIS,urn:lofts:fhg.3.justus_tiberiensis
HERMOGENES TARSENSIS,urn:lofts:fhg.3.hermogenes_tarsensis
MEMNON,urn:lofts:fhg.3.memnon
PHILO BYBLIUS,urn:lofts:fhg.3.philo_byblius
ASPASIUS BYBLIUS,urn:lofts:fhg.3.aspasius_byblius
FAVORINUS ARELATENSIS,urn:lofts:fhg.3.favorinus_arelatensis
HADRIANUS CAESAR,urn:lofts:fhg.3.hadrianus_caesar
ARRIANUS NICOMEDENSIS,urn:lofts:fhg.3.arrianus_nicomedensis
PHLEGON TRALLIANUS,urn:lofts:fhg.3.phlegon_trallianus
CEPHALION,urn:lofts:fhg.3.cephalion
NICANOR ALEXANDRINUS,urn:lofts:fhg.3.nicanor_alexandrinus
TELEPHUS PERGAMENUS,urn:lofts:fhg.3.telephus_pergamenus
PALLAS,urn:lofts:fhg.3.pallas
CHARAX PERGAMENUS,urn:lofts:fhg.3.charax_pergamenus
ANONYMUS MILESIUS,urn:lofts:fhg.3.anonymus_milesius
CREPEREIUS CALPURNIANUS POMPEIOPOLITANUS,urn:lofts:fhg.3.crepereius_calpurnianus_pompeiopolitanus
CALLIMORPHUS MEDICUS,urn:lofts:fhg.3.callimorphus_medicus
ANONYMI,urn:lofts:fhg.3.anonymi
ANONYMUS CORINTHIUS,urn:lofts:fhg.3.anonymus_corinthius
ANTIOCHIANUS,urn:lofts:fhg.3.antiochianus
ANONYMUS,urn:lofts:fhg.3.anonymus
DEMETRIUS SAGALASSENSIS,urn:lofts:fhg.3.demetrius_sagalassensis
DAMOPHILUS,urn:lofts:fhg.3.damophilus
CHRYSEROS NOMENCLATOR,urn:lofts:fhg.3.chryseros_nomenclator
ATHENAEUS NAUCRATITA,urn:lofts:fhg.3.athenaeus_naucratita
JUDAS,urn:lofts:fhg.3.judas
SEVERUS IMPERATOR,urn:lofts:fhg.3.severus_imperator
ASINIUS QUADRATUS,urn:lofts:fhg.3.asinius_quadratus
NICAGORAS ATHENIENSIS,urn:lofts:fhg.3.nicagoras_atheniensis
LUPERCUS BERYTIUS,urn:lofts:fhg.3.lupercus_berytius
CALLINICUS PETRAEUS,urn:lofts:fhg.3.callinicus_petraeus
EPHORUS CUMANUS,urn:lofts:fhg.3.ephorus_cumanus
NICOSTRATUS TRAPEZUNTIUS,urn:lofts:fhg.3.nicostratus_trapezuntius
NICOMACHUS,urn:lofts:fhg.3.nicomachus
CALLICRATES TYRIUS,urn:lofts:fhg.3.callicrates_tyrius
THEOCLES,urn:lofts:fhg.3.theocles
ASCLEPIODOTUS,urn:lofts:fhg.3.asclepiodotus
ZENOBIA,urn:lofts:fhg.3.zenobia
DEXIPPUS ATHENIENSIS,urn:lofts:fhg.3.dexippus_atheniensis
ARRIANUS,urn:lofts:fhg.3.arrianus
PORPHYRIUS TYRIUS,urn:lofts:fhg.3.porphyrius_tyrius
EUSEBIUS,urn:lofts:fhg.3.eusebius
ONASIMUS,urn:lofts:fhg.3.onasimus
CLAUDIUS EUSTHENES,urn:lofts:fhg.3.claudius_eusthenes
PRAXAGORAS ATHENIENSIS,urn:lofts:fhg.4.praxagoras_atheniensis
BEMARCHIUS CAESARIENSIS,urn:lofts:fhg.4.bemarchius_caesariensis
EUSTOCHIUS CAPPADOX,urn:lofts:fhg.4.eustochius_cappadox
MAGNUS CARRHENUS. EUTYCHIANUS CAPPADOX,urn:lofts:fhg.4.magnus_carrhenus_eutychianus_cappadox
EUNAPIUS SARDIANUS,urn:lofts:fhg.4.eunapius_sardianus
OLYMPIODORUS THEBAEUS,urn:lofts:fhg.4.olympiodorus_thebaeus
PRISCUS PANITES,urn:lofts:fhg.4.priscus_panites
MALCHUS PHILADELPHENSIS,urn:lofts:fhg.4.malchus_philadelphensis
CAPITO LYCIUS,urn:lofts:fhg.4.capito_lycius
CANDIDUS ISAURUS,urn:lofts:fhg.4.candidus_isaurus
EUSTATHIUS EPIPHANIENSIS,urn:lofts:fhg.4.eustathius_epiphaniensis
HESYCHIUS MILESIUS,urn:lofts:fhg.4.hesychius_milesius
NONNOSUS,urn:lofts:fhg.4.nonnosus
PETRUS PATRICIUS,urn:lofts:fhg.4.petrus_patricius
ANONYMUS,urn:lofts:fhg.4.anonymus_qui_dionis_cassii_historias_continuavit
MENANDER PROTECTOR,urn:lofts:fhg.4.menander_protector
THEOPHANES BYZANTIUS,urn:lofts:fhg.4.theophanes_byzantius
JOANNES EPIPHANIENSIS,urn:lofts:fhg.4.joannes_epiphaniensis
ABAS,urn:lofts:fhg.4.abas
ABRON VEL HABRON BATIENSIS,urn:lofts:fhg.4.abron_vel_habron_batiensis
ABYDENUS,urn:lofts:fhg.4.abydenus
ACESANDER,urn:lofts:fhg.4.acesander
ACESTODORUS vel ACESTORIDES,urn:lofts:fhg.4.acestodorus_vel_acestorides
(ACHAEUS),urn:lofts:fhg.4.achaeus
AENEAS,urn:lofts:fhg.4.aeneas
ADAEUS MYTILENAEUS,urn:lofts:fhg.4.adaeus_mytilenaeus
AENESIDEMUS,urn:lofts:fhg.4.aenesidemus
AETHLIUS SAMIUS,urn:lofts:fhg.4.aethlius_samius
AGACLYTUS,urn:lofts:fhg.4.agaclytus
AGATHOCLES CYZICENUS VEL BABYLONIUS,urn:lofts:fhg.4.agathocles_cyzicenus_vel_babylonius
AGATHON SAMIUS,urn:lofts:fhg.4.agathon_samius
AGATHONYMUS,urn:lofts:fhg.4.agathonymus
AGESILAUS,urn:lofts:fhg.4.agesilaus
AGIAS (ARGIVUS),urn:lofts:fhg.4.agias_argivus
AGLAOSTHENES,urn:lofts:fhg.4.aglaosthenes
(AGATHOSTHENES),urn:lofts:fhg.4.agathosthenes
AGRIOPAS,urn:lofts:fhg.4.agriopas
AGROETAS,urn:lofts:fhg.4.agroetas
ALCETAS,urn:lofts:fhg.4.alcetas
ALCIMUS SICULUS,urn:lofts:fhg.4.alcimus_siculus
ALEXARCHUS,urn:lofts:fhg.4.alexarchus
ALEXIS SAMIUS,urn:lofts:fhg.4.alexis_samius
AMPHICRATES (ATHENIENSIS),urn:lofts:fhg.4.amphicrates_atheniensis
AMPHILOCHUS,urn:lofts:fhg.4.amphilochus
AMPHION THESPIENSIS,urn:lofts:fhg.4.amphion_thespiensis
ANAXICRATES,urn:lofts:fhg.4.anaxicrates
ANAXILAUS,urn:lofts:fhg.4.anaxilaus
ANDREAS PANORMITANUS,urn:lofts:fhg.4.andreas_panormitanus
ANDRISCUS,urn:lofts:fhg.4.andriscus
ANDROETAS TENEDIUS,urn:lofts:fhg.4.androetas_tenedius
ANDRONICUS ALYPIUS,urn:lofts:fhg.4.andronicus_alypius
ANTENOR,urn:lofts:fhg.4.antenor
ANTIGONUS,urn:lofts:fhg.4.antigonus
ANTILEO,urn:lofts:fhg.4.antileo
ANTILOCHUS,urn:lofts:fhg.4.antilochus
ANTIMACHUS,urn:lofts:fhg.4.antimachus
ANTIOCHUS,urn:lofts:fhg.4.antiochus
ANTIPATER,urn:lofts:fhg.4.antipater
APELLAS SIVE APOLLAS PONTICUS,urn:lofts:fhg.4.apellas_sive_apollas_ponticus
APHRODISIUS VEL EUPHEMIUS,urn:lofts:fhg.4.aphrodisius_vel_euphemius
APOLLODORUS ARTEMITEN,urn:lofts:fhg.4.apollodorus_artemiten
APOLLODORUS ERYTHRAEUS,urn:lofts:fhg.4.apollodorus_erythraeus
APOLLONIDES HORAPION,urn:lofts:fhg.4.apollonides_horapion
APOLLONIUS APHRODISIENSIS,urn:lofts:fhg.4.apollonius_aphrodisiensis
APOLLONIUS ASCALONITA,urn:lofts:fhg.4.apollonius_ascalonita
APOLLONIUS ACHARNENSES,urn:lofts:fhg.4.apollonius_acharnenses
APOLLONIUS RHODIUS,urn:lofts:fhg.4.apollonius_rhodius
APOLLOTHEMIS,urn:lofts:fhg.4.apollothemis
ARCHEMACHUS EUBOEUS,urn:lofts:fhg.4.archemachus_euboeus
ARETADES CNIDIUS,urn:lofts:fhg.4.aretades_cnidius
ARETES DYRRACHINUS,urn:lofts:fhg.4.aretes_dyrrachinus
ARCHINUS,urn:lofts:fhg.4.archinus
ARCHITIMUS,urn:lofts:fhg.4.architimus
ARIAETHUS TEGEATA,urn:lofts:fhg.4.ariaethus_tegeata
ARISTAENETUS,urn:lofts:fhg.4.aristaenetus
ARISTEAS ARGIVUS,urn:lofts:fhg.4.aristeas_argivus
ARISTIDES MILESIUS,urn:lofts:fhg.4.aristides_milesius
ARISTIPPUS,urn:lofts:fhg.4.aristippus
ARISTO PELLAEUS,urn:lofts:fhg.4.aristo_pellaeus
ARISTOBULUS,urn:lofts:fhg.4.aristobulus
ARISTOCLES,urn:lofts:fhg.4.aristocles
ARISTOCRATES,urn:lofts:fhg.4.aristocrates
ARISTOCREON,urn:lofts:fhg.4.aristocreon
ARISTOCRITUS,urn:lofts:fhg.4.aristocritus
ARISTOMENES,urn:lofts:fhg.4.aristomenes
ARISTONICUS TARENTINUS,urn:lofts:fhg.4.aristonicus_tarentinus
ARISTONYMUS,urn:lofts:fhg.4.aristonymus
ARISTOPHANES BOEOTUS,urn:lofts:fhg.4.aristophanes_boeotus
ARMENIDAS,urn:lofts:fhg.4.armenidas
ARTEMIDORUS ASCALONITA,urn:lofts:fhg.4.artemidorus_ascalonita
ARTEMON CLAZOMENIUS,urn:lofts:fhg.4.artemon_clazomenius
ARTEMON PERGAMENUS,urn:lofts:fhg.4.artemon_pergamenus
ARTEMON CASSANDRENSIS,urn:lofts:fhg.4.artemon_cassandrensis
ASTYNOMUS,urn:lofts:fhg.4.astynomus
ATHANADAS,urn:lofts:fhg.4.athanadas
ATHENAEUS,urn:lofts:fhg.4.athenaeus
ATHENICON,urn:lofts:fhg.4.athenicon
ATHENOCLES,urn:lofts:fhg.4.athenocles
ATHENODORUS ERETRIENSIS,urn:lofts:fhg.4.athenodorus_eretriensis
AUGEAS,urn:lofts:fhg.4.augeas
AUTESION,urn:lofts:fhg.4.autesion
AUTOCHARIS,urn:lofts:fhg.4.autocharis
AUTOCRATES,urn:lofts:fhg.4.autocrates
BALAGER,urn:lofts:fhg.4.balager
BASILIS,urn:lofts:fhg.4.basilis
BATON SINOPENSIS,urn:lofts:fhg.4.baton_sinopensis
BION SOLENSIS,urn:lofts:fhg.4.bion_solensis
BOTRYAS MYNDIUS,urn:lofts:fhg.4.botryas_myndius
BRUTTIUS sive BRETTIUS,urn:lofts:fhg.4.bruttius_sive_brettius
BUTORIDES,urn:lofts:fhg.4.butorides
CAEMARO,urn:lofts:fhg.4.caemaro
CALLICRATES,urn:lofts:fhg.4.callicrates
CALLIDEMUS,urn:lofts:fhg.4.callidemus
CALLIPHANES,urn:lofts:fhg.4.calliphanes
CALLIPPUS CORINTHIUS,urn:lofts:fhg.4.callippus_corinthius
DOMITIUS CALLISTRATUS,urn:lofts:fhg.4.domitius_callistratus
CARYSTIUS PERGAMENUS,urn:lofts:fhg.4.carystius_pergamenus
CASSANDER SALAMINIUS,urn:lofts:fhg.4.cassander_salaminius
CERCIDAS MEGALOPOLITANUS,urn:lofts:fhg.4.cercidas_megalopolitanus
CHARICLES,urn:lofts:fhg.4.charicles
CHARON NAUCRATITES,urn:lofts:fhg.4.charon_naucratites
CHRESTODEMUS,urn:lofts:fhg.4.chrestodemus
CHRISTODORUS,urn:lofts:fhg.4.christodorus
CHRYSERMUS CORINTHIUS,urn:lofts:fhg.4.chrysermus_corinthius
CHRYSIPPUS,urn:lofts:fhg.4.chrysippus
CLAUDIUS IOLAUS,urn:lofts:fhg.4.claudius_iolaus
CLAUDIUS THEON,urn:lofts:fhg.4.claudius_theon
CLODIUS NEAPOLITANUS,urn:lofts:fhg.4.clodius_neapolitanus
CLEMENS,urn:lofts:fhg.4.clemens
CLEOBULUS,urn:lofts:fhg.4.cleobulus
CLEON MAGNESIUS,urn:lofts:fhg.4.cleon_magnesius
CLEON SYRACUSANUS,urn:lofts:fhg.4.cleon_syracusanus
CLINIAS,urn:lofts:fhg.4.clinias
CLEOPHANES,urn:lofts:fhg.4.cleophanes
CLEOPHORUS,urn:lofts:fhg.4.cleophorus
CLITONYMUS,urn:lofts:fhg.4.clitonymus
CLITOPHON RHODIUS,urn:lofts:fhg.4.clitophon_rhodius
CONON,urn:lofts:fhg.4.conon
COSMES,urn:lofts:fhg.4.cosmes
CRATES ATHENIENSIS,urn:lofts:fhg.4.crates_atheniensis
CREON VEL PAEON AMATHUSIUS,urn:lofts:fhg.4.creon_vel_paeon_amathusius
CREOPHYLUS,urn:lofts:fhg.4.creophylus
CRITOLAUS,urn:lofts:fhg.4.critolaus
CRITON PIERIOTA,urn:lofts:fhg.4.criton_pieriota
CTESICLES,urn:lofts:fhg.4.ctesicles
CTESIPHON,urn:lofts:fhg.4.ctesiphon
CTESIPPUS,urn:lofts:fhg.4.ctesippus
CYDIPPUS MANTINENSIS,urn:lofts:fhg.4.cydippus_mantinensis
DAES COLONENSIS,urn:lofts:fhg.4.daes_colonensis
DALION,urn:lofts:fhg.4.dalion
DAMON,urn:lofts:fhg.4.damon
DAMOCRITUS,urn:lofts:fhg.4.damocritus
DEMADES,urn:lofts:fhg.4.demades
DEMAGORAS SAMIUS,urn:lofts:fhg.4.demagoras_samius
DEMARATUS,urn:lofts:fhg.4.demaratus
DEMETRIUS CALLATIANUS,urn:lofts:fhg.4.demetrius_callatianus
DEMETRIUS ERYTHRAEUS,urn:lofts:fhg.4.demetrius_erythraeus
DEMETRIUS ILIENSIS,urn:lofts:fhg.4.demetrius_iliensis
DEMETRIUS ODESSANUS,urn:lofts:fhg.4.demetrius_odessanus
DEMETRIUS SALAMINIUS,urn:lofts:fhg.4.demetrius_salaminius
DEMOCRITUS EPHESIUS,urn:lofts:fhg.4.democritus_ephesius
DEMOGNETUS,urn:lofts:fhg.4.demognetus
DEMOSTHENES BITHYNUS,urn:lofts:fhg.4.demosthenes_bithynus
DEMOTELES,urn:lofts:fhg.4.demoteles
DERCYLUS (ARGIVUS),urn:lofts:fhg.4.dercylus_argivus
DIEUCHIDAS,urn:lofts:fhg.4.dieuchidas
DINARCHUS,urn:lofts:fhg.4.dinarchus
DION ACADEMICUS,urn:lofts:fhg.4.dion_academicus
DIOGENES CYZICENUS,urn:lofts:fhg.4.diogenes_cyzicenus
DIOGENES SICYONIUS,urn:lofts:fhg.4.diogenes_sicyonius
DIONYSIUS CHALCIDENSIS,urn:lofts:fhg.4.dionysius_chalcidensis
DIOPHANTUS,urn:lofts:fhg.4.diophantus
DIOPHANTUS LACEDAEMONIUS,urn:lofts:fhg.4.diophantus_lacedaemonius
AELIUS DIUS,urn:lofts:fhg.4.aelius_dius
DOSIADES,urn:lofts:fhg.4.dosiades
DOSITHEUS,urn:lofts:fhg.4.dositheus
DRACO,urn:lofts:fhg.4.draco
ECHEMENES,urn:lofts:fhg.4.echemenes
ECHEPHYLIDAS,urn:lofts:fhg.4.echephylidas
EMPODUS,urn:lofts:fhg.4.empodus
EPAPHUS,urn:lofts:fhg.4.epaphus
EPARCHIDES,urn:lofts:fhg.4.eparchides
EPIMENIDES,urn:lofts:fhg.4.epimenides
ERGIAS RHODIUS,urn:lofts:fhg.4.ergias_rhodius
ERXIAS,urn:lofts:fhg.4.erxias
EUAGORAS LINDIUS,urn:lofts:fhg.4.euagoras_lindius
EUALCES,urn:lofts:fhg.4.eualces
EUANORIDAS ELEUS,urn:lofts:fhg.4.euanoridas_eleus
EUCRATES,urn:lofts:fhg.4.eucrates
EUDOXUS RHODIUS,urn:lofts:fhg.4.eudoxus_rhodius
EUEMERIDAS CNIDIUS,urn:lofts:fhg.4.euemeridas_cnidius
EUELPIS CARYSTIUS,urn:lofts:fhg.4.euelpis_carystius
EUTHYMENES,urn:lofts:fhg.4.euthymenes
GLAUCIPPUS,urn:lofts:fhg.4.glaucippus
GLAUCUS,urn:lofts:fhg.4.glaucus
GORGIAS ATHENIENSIS,urn:lofts:fhg.4.gorgias_atheniensis
GORGON,urn:lofts:fhg.4.gorgon
HARMODIUS LEPREATES,urn:lofts:fhg.4.harmodius_lepreates
AELIUS HARPOCRATION,urn:lofts:fhg.4.aelius_harpocration
(HEGEMON ALEXANDRENSIS),urn:lofts:fhg.4.hegemon_alexandrensis
HEGESANDER DELPHUS,urn:lofts:fhg.4.hegesander_delphus
HEGESANDER SALAMINIUS,urn:lofts:fhg.4.hegesander_salaminius
HEGESIDEMUS CYTHNIUS,urn:lofts:fhg.4.hegesidemus_cythnius
HEGESIPPUS MECYBERNAEUS,urn:lofts:fhg.4.hegesippus_mecybernaeus
HELIODORUS ATHENIENSIS,urn:lofts:fhg.4.heliodorus_atheniensis
HERACLITUS LESBIUS,urn:lofts:fhg.4.heraclitus_lesbius
HEREAS,urn:lofts:fhg.4.hereas
HERMAEUS (HERMEAS),urn:lofts:fhg.4.hermaeus
HERMESIANAX CYPRIUS,urn:lofts:fhg.4.hermesianax_cyprius
HERMESIANAX COLOPHONIUS,urn:lofts:fhg.4.hermesianax_colophonius
HERON ATHENIENSIS,urn:lofts:fhg.4.heron_atheniensis
HEROPYTHUS,urn:lofts:fhg.4.heropythus
HICESIUS,urn:lofts:fhg.4.hicesius
HIERO,urn:lofts:fhg.4.hiero
HIEROCLES,urn:lofts:fhg.4.hierocles
HIPPAGORAS,urn:lofts:fhg.4.hippagoras
HIPPASUS LACEDAEMONIUS,urn:lofts:fhg.4.hippasus_lacedaemonius
HIPPIAS ERYTHRAEUS,urn:lofts:fhg.4.hippias_erythraeus
HIPPOSTRATUS,urn:lofts:fhg.4.hippostratus
HISTIAEUS,urn:lofts:fhg.4.histiaeus
HYPERMENES,urn:lofts:fhg.4.hypermenes
HYPEROCHUS CUMANUS,urn:lofts:fhg.4.hyperochus_cumanus
HYPSICRATES,urn:lofts:fhg.4.hypsicrates
ISIGONUS NICAEENSIS,urn:lofts:fhg.4.isigonus_nicaeensis
LAETUS,urn:lofts:fhg.4.laetus
LAMISCUS SAMIUS,urn:lofts:fhg.4.lamiscus_samius
LAOSTHENIDAS,urn:lofts:fhg.4.laosthenidas
LEOCRINES,urn:lofts:fhg.4.leocrines
(LEONIDES),urn:lofts:fhg.4.leonides
LINUS OECHALIENSIS,urn:lofts:fhg.4.linus_oechaliensis
LEPIDUS,urn:lofts:fhg.4.lepidus
LUCILLUS TARRHAEUS,urn:lofts:fhg.4.lucillus_tarrhaeus
LYCEAS NAUCRATITA,urn:lofts:fhg.4.lyceas_naucratita
LYSANIAS MALLOTES,urn:lofts:fhg.4.lysanias_mallotes
MACAREUS,urn:lofts:fhg.4.macareus
MALACUS,urn:lofts:fhg.4.malacus
MARCELLUS,urn:lofts:fhg.4.marcellus
MEGACLES (MEGACLIDES),urn:lofts:fhg.4.megacles
MELANTHIUS,urn:lofts:fhg.4.melanthius
MELANTHIUS PICTOR,urn:lofts:fhg.4.melanthius_pictor
MELISSEUS,urn:lofts:fhg.4.melisseus
MELITO,urn:lofts:fhg.4.melito
MENANDER EPHESIUS,urn:lofts:fhg.4.menander_ephesius
MENECLES BARCAEUS,urn:lofts:fhg.4.menecles_barcaeus
MENELAUS ANAEUS,urn:lofts:fhg.4.menelaus_anaeus
MENESTHENES,urn:lofts:fhg.4.menesthenes
MENETOR,urn:lofts:fhg.4.menetor
MENIPPUS,urn:lofts:fhg.4.menippus
MENYLLUS,urn:lofts:fhg.4.menyllus
METROPHANES,urn:lofts:fhg.4.metrophanes
MNESIMACHUS,urn:lofts:fhg.4.mnesimachus
MNASIGITON,urn:lofts:fhg.4.mnasigiton
MOLPIS LACO,urn:lofts:fhg.4.molpis_laco
MONIMUS,urn:lofts:fhg.4.monimus
MYRONIANUS AMASTRIANUS,urn:lofts:fhg.4.myronianus_amastrianus
MYES,urn:lofts:fhg.4.myes
MYRSILUS METHYMNAEUS,urn:lofts:fhg.4.myrsilus_methymnaeus
MYRON PRIENENSIS,urn:lofts:fhg.4.myron_prienensis
NICANDER CHALCEDONIUS,urn:lofts:fhg.4.nicander_chalcedonius
NICANDER ALEXANDRINUS,urn:lofts:fhg.4.nicander_alexandrinus
NICANDER THYATIRENUS,urn:lofts:fhg.4.nicander_thyatirenus
NICIAS,urn:lofts:fhg.4.nicias
NICIAS MALEOTES,urn:lofts:fhg.4.nicias_maleotes
NICIAS NICAEENSIS,urn:lofts:fhg.4.nicias_nicaeensis
NICOCLES LACEDAEMONIUS,urn:lofts:fhg.4.nicocles_lacedaemonius
NICOMACHUS,urn:lofts:fhg.4.nicomachus
NICOMEDES ACANTHIUS,urn:lofts:fhg.4.nicomedes_acanthius
NICOCRATES,urn:lofts:fhg.4.nicocrates
NICOSTRATUS,urn:lofts:fhg.4.nicostratus
OLYMPICHUS,urn:lofts:fhg.4.olympichus
PAMPHILUS,urn:lofts:fhg.4.pamphilus
PAPPUS,urn:lofts:fhg.4.pappus
PARTHAX,urn:lofts:fhg.4.parthax
PASITELES,urn:lofts:fhg.4.pasiteles
PAUSANIAS LACO,urn:lofts:fhg.4.pausanias_laco
PAUSANIAS DAMASCENUS,urn:lofts:fhg.4.pausanias_damascenus
PAUSIMACHUS SAMIUS,urn:lofts:fhg.4.pausimachus_samius
(PAXAMUS),urn:lofts:fhg.4.paxamus
PETELLIDES CNOSSIUS,urn:lofts:fhg.4.petellides_cnossius
PHAESTUS,urn:lofts:fhg.4.phaestus
PHANOCRITUS,urn:lofts:fhg.4.phanocritus
PHANODICUS,urn:lofts:fhg.4.phanodicus
PHARNUCHUS NISIBENUS,urn:lofts:fhg.4.pharnuchus_nisibenus
(PHILALIUS CORINTHIUS),urn:lofts:fhg.4.philalius_corinthius
PHILEMON,urn:lofts:fhg.4.philemon
PHILETAS EPHESIUS,urn:lofts:fhg.4.philetas_ephesius
PHILIPPUS THEANGELENSIS,urn:lofts:fhg.4.philippus_theangelensis
PHILLIS DELIUS,urn:lofts:fhg.4.phillis_delius
PHILISTIDES,urn:lofts:fhg.4.philistides
PHILISTUS NAUCRATITA,urn:lofts:fhg.4.philistus_naucratita
PHILOCRATES,urn:lofts:fhg.4.philocrates
PHILOMNESTUS,urn:lofts:fhg.4.philomnestus
PHILONIDES PHILOGENES,urn:lofts:fhg.4.philonides_philogenes
PHILTEAS,urn:lofts:fhg.4.philteas
PISISTRATUS LIPARAEUS,urn:lofts:fhg.4.pisistratus_liparaeus
POLYANTHUS CYRENAEUS,urn:lofts:fhg.4.polyanthus_cyrenaeus
POLYCHARMUS (NAUCRATITA),urn:lofts:fhg.4.polycharmus_naucratita
POLYCRATES,urn:lofts:fhg.4.polycrates
POLYGNOSTUS sive POLYGNOTUS,urn:lofts:fhg.4.polygnostus_sive_polygnotus
POLYZELUS RHODIUS,urn:lofts:fhg.4.polyzelus_rhodius
POSIDIPPUS,urn:lofts:fhg.4.posidippus
POSSIS MAGNESIUS,urn:lofts:fhg.4.possis_magnesius
PRAXION,urn:lofts:fhg.4.praxion
PROCLES CARTHAGINIENSIS,urn:lofts:fhg.4.procles_carthaginiensis
PROTAGORIDES CYZICENUS,urn:lofts:fhg.4.protagorides_cyzicenus
PROTARCHUS TRALLIANUS,urn:lofts:fhg.4.protarchus_trallianus
PTOLEMAEUS MENDESIUS,urn:lofts:fhg.4.ptolemaeus_mendesius
PYRRHANDER,urn:lofts:fhg.4.pyrrhander
PYRGION,urn:lofts:fhg.4.pyrgion
PYRRHO LIPARAEUS,urn:lofts:fhg.4.pyrrho_liparaeus
PYTHAENETUS,urn:lofts:fhg.4.pythaenetus
PYTHAGORAS,urn:lofts:fhg.4.pythagoras
PYTHERMUS EPHESIUS,urn:lofts:fhg.4.pythermus_ephesius
PYTHOCLES SAMIUS,urn:lofts:fhg.4.pythocles_samius
SCAMON MYTILENAEUS,urn:lofts:fhg.4.scamon_mytilenaeus
SCYTHINUS TEIUS,urn:lofts:fhg.4.scythinus_teius
SELEUCUS EMESENUS,urn:lofts:fhg.4.seleucus_emesenus
SEMERONIUS BABYLONIUS,urn:lofts:fhg.4.semeronius_babylonius
SEMUS DELIUS,urn:lofts:fhg.4.semus_delius
SOCRATES ARGIVUS,urn:lofts:fhg.4.socrates_argivus
SOCRATES COUS,urn:lofts:fhg.4.socrates_cous
SOSANDER,urn:lofts:fhg.4.sosander
SOSICRATES,urn:lofts:fhg.4.sosicrates
SOSICRATES RHODIUS,urn:lofts:fhg.4.sosicrates_rhodius
SOSTHENES CNIDIUS,urn:lofts:fhg.4.sosthenes_cnidius
SOSTRATUS,urn:lofts:fhg.4.sostratus
STAPHYLUS NAUCRATITA,urn:lofts:fhg.4.staphylus_naucratita
STESICLIDES ATHENIENSIS,urn:lofts:fhg.4.stesiclides_atheniensis
TELEPHANES,urn:lofts:fhg.4.telephanes
TELESARCHUS,urn:lofts:fhg.4.telesarchus
TEUCER CYZICENUS,urn:lofts:fhg.4.teucer_cyzicenus
TEUPALUS ANDRIENSIS,urn:lofts:fhg.4.teupalus_andriensis
THEAGENES (MACEDO),urn:lofts:fhg.4.theagenes_macedo
THEMISO,urn:lofts:fhg.4.themiso
THEMISTAGORAS EPHESIUS,urn:lofts:fhg.4.themistagoras_ephesius
THEOCLES,urn:lofts:fhg.4.theocles
THEODORI,urn:lofts:fhg.4.theodori
THEODORUS RHODIUS,urn:lofts:fhg.4.theodorus_rhodius
THEODORUS HIERAPOLITA,urn:lofts:fhg.4.theodorus_hierapolita
THEODORUS SAMOTHRAX,urn:lofts:fhg.4.theodorus_samothrax
THEODORUS ILIENSIS,urn:lofts:fhg.4.theodorus_iliensis
THEOGNIS,urn:lofts:fhg.4.theognis
THEOLYTUS (METHYMNAEUS),urn:lofts:fhg.4.theolytus_methymnaeus
THEOPHILUS,urn:lofts:fhg.4.theophilus
THEOTIMUS,urn:lofts:fhg.4.theotimus
THESEUS,urn:lofts:fhg.4.theseus
TIMAGETUS,urn:lofts:fhg.4.timagetus
TIMAGORAS,urn:lofts:fhg.4.timagoras
TIMOLAUS,urn:lofts:fhg.4.timolaus
TIMOMACHUS,urn:lofts:fhg.4.timomachus
TIMONAX,urn:lofts:fhg.4.timonax
TIMOTHEUS,urn:lofts:fhg.4.timotheus
URANIUS,urn:lofts:fhg.4.uranius
XENAGORAS,urn:lofts:fhg.4.xenagoras
XENION,urn:lofts:fhg.4.xenion
XENOCRATES,urn:lofts:fhg.4.xenocrates
XENOPHILUS,urn:lofts:fhg.4.xenophilus
ZENIS,urn:lofts:fhg.4.zenis
ZENODOTUS TROEZENIUS,urn:lofts:fhg.4.zenodotus_troezenius
ZOPYRION,urn:lofts:fhg.4.zopyrion
ZOPYRUS BYZANTIUS,urn:lofts:fhg.4.zopyrus_byzantius
JOANNES ANTIOCHENUS,urn:lofts:fhg.4.joannes_antiochenus
ARISTODEMUS,urn:lofts:fhg.5-1.aristodemus
EUSEBIUS,urn:lofts:fhg.5-1.eusebius
PRISCUS,urn:lofts:fhg.5-1.priscus
JOANNES ANTIOCHENUS,urn:lofts:fhg.5-1.joannes_antiochenus
JOANNES MALALA,urn:lofts:fhg.5-1.joannes_malala
CRITOBULUS,urn:lofts:fhg.5-1.critobulus
PHOTIUS,urn:lofts:fhg.5-1.photius
ANONYMUS,urn:lofts:fhg.5-1.anonymus
DIONYSIUS BYZANTIUS,urn:lofts:fhg.5-1.dionysius_byzantius
MAR APAS CATINA,urn:lofts:fhg.5-2.mar_apas_catina
BARDESANE,urn:lofts:fhg.5-2.bardesane
AGATHANGE,urn:lofts:fhg.5-2.agathange
FAUSTUS DE BYZANCE,urn:lofts:fhg.5-2.faustus_de_byzance
LEROUBNA D'EDESSE,urn:lofts:fhg.5-2.leroubna_d_edesse
ZENOB DE GLAG,urn:lofts:fhg.5-2.zenob_de_glag
JEAN MAMIGONIEN,urn:lofts:fhg.5-2.jean_mamigonien
MOISE DE KHORENE,urn:lofts:fhg.5-2.moise_de_khorene
LE PSEUDO-CALLISTHENES,urn:lofts:fhg.5-2.le_pseudo-callisthenes
GREGOIRE MAGISTROS DUC DE LA MESOPOTAMIE,urn:lofts:fhg.5-2.gregoire_magistros_duc_de_la_mesopotamie
SAINT EPIPHANE EVEQUE DE SALAMINE EN CHYPRE,urn:lofts:fhg.5-2.saint_epiphane_eveque_de_salamine_en_chypre
